,Field Name,Description,Source,bidding zone,control area,country,ISO 3166-1 alpha-2,MapCode ENTSO-E,primary AreaName ENTSO-E,primary concept,EU memberstate,EU inside,market balance area,load from ENTSO-E TP,generation from ENTSOE-TP,price from ENTSO-E TP,generation from TSO,price from TSO,load from ENTSO-E data portal,load from TSO,Capacity from OPSD,target
0,utc_timestamp,Start of timeperiod in Coordinated Universal Time,,,,,,,,,,,,,,,,,,,,False
1,cet_cest_timestamp,Start of timeperiod in Central European (Summer-) Time,,,,,,,,,,,,,,,,,,,,False
2,AT_load_actual_entsoe_transparency,Total load in Austria in MW as published on ENTSO-E Transparency Platform,own calculation based on ENTSO-E Transparency,,,AT,AT,AT,Austria,country,True,True,APG,True,True,True,True,False,True,False,False,False
3,AT_load_forecast_entsoe_transparency,Day-ahead load forecast in Austria in MW as published on ENTSO-E Transparency Platform,own calculation based on ENTSO-E Transparency,,,AT,AT,AT,Austria,country,True,True,APG,True,True,True,True,False,True,False,False,False
4,AT_price_day_ahead,Day-ahead spot price for Austria in EUR,own calculation based on ENTSO-E Transparency,,,AT,AT,AT,Austria,country,True,True,APG,True,True,True,True,False,True,False,False,True
5,AT_solar_generation_actual,Actual solar generation in Austria in MW,own calculation based on ENTSO-E Transparency,,,AT,AT,AT,Austria,country,True,True,APG,True,True,True,True,False,True,False,False,False
6,AT_wind_onshore_generation_actual,Actual wind_onshore generation in Austria in MW,own calculation based on ENTSO-E Transparency,,,AT,AT,AT,Austria,country,True,True,APG,True,True,True,True,False,True,False,False,False
7,BE_load_actual_entsoe_transparency,Total load in Belgium in MW as published on ENTSO-E Transparency Platform,own calculation based on ENTSO-E Transparency,,,BE,BE,BE,Belgium,country,True,True,Elia,True,True,False,False,False,True,False,False,False
8,BE_load_forecast_entsoe_transparency,Day-ahead load forecast in Belgium in MW as published on ENTSO-E Transparency Platform,own calculation based on ENTSO-E Transparency,,,BE,BE,BE,Belgium,country,True,True,Elia,True,True,False,False,False,True,False,False,False
9,BE_solar_generation_actual,Actual solar generation in Belgium in MW,ENTSO-E Transparency,,,BE,BE,BE,Belgium,country,True,True,Elia,True,True,False,False,False,True,False,False,False
10,BE_wind_generation_actual,Actual wind generation in Belgium in MW,own calculation based on ENTSO-E Transparency,,,BE,BE,BE,Belgium,country,True,True,Elia,True,True,False,False,False,True,False,False,False
11,BE_wind_offshore_generation_actual,Actual wind_offshore generation in Belgium in MW,ENTSO-E Transparency,,,BE,BE,BE,Belgium,country,True,True,Elia,True,True,False,False,False,True,False,False,False
12,BE_wind_onshore_generation_actual,Actual wind_onshore generation in Belgium in MW,ENTSO-E Transparency,,,BE,BE,BE,Belgium,country,True,True,Elia,True,True,False,False,False,True,False,False,False
13,BG_load_actual_entsoe_transparency,Total load in Bulgaria in MW as published on ENTSO-E Transparency Platform,ENTSO-E Transparency,,,BG,BG,BG,Bulgaria,country,True,True,ESO,True,True,False,False,False,True,False,False,False
14,BG_load_forecast_entsoe_transparency,Day-ahead load forecast in Bulgaria in MW as published on ENTSO-E Transparency Platform,ENTSO-E Transparency,,,BG,BG,BG,Bulgaria,country,True,True,ESO,True,True,False,False,False,True,False,False,False
15,BG_solar_generation_actual,Actual solar generation in Bulgaria in MW,ENTSO-E Transparency,,,BG,BG,BG,Bulgaria,country,True,True,ESO,True,True,False,False,False,True,False,False,False
16,BG_wind_onshore_generation_actual,Actual wind_onshore generation in Bulgaria in MW,ENTSO-E Transparency,,,BG,BG,BG,Bulgaria,country,True,True,ESO,True,True,False,False,False,True,False,False,False
17,CH_load_actual_entsoe_transparency,Total load in Switzerland in MW as published on ENTSO-E Transparency Platform,ENTSO-E Transparency,,,CH,CH,CH,Switzerland,country,False,False,swissgrid,True,True,False,False,False,True,False,False,False
18,CH_load_forecast_entsoe_transparency,Day-ahead load forecast in Switzerland in MW as published on ENTSO-E Transparency Platform,ENTSO-E Transparency,,,CH,CH,CH,Switzerland,country,False,False,swissgrid,True,True,False,False,False,True,False,False,False
19,CH_solar_capacity,Electrical capacity of solar in Switzerland in MW,own calculation based on Swiss Bundesamt für Energie (BFE),,,CH,CH,CH,Switzerland,country,False,False,swissgrid,True,True,False,False,False,True,False,False,False
20,CH_solar_generation_actual,Actual solar generation in Switzerland in MW,ENTSO-E Transparency,,,CH,CH,CH,Switzerland,country,False,False,swissgrid,True,True,False,False,False,True,False,False,False
21,CH_wind_onshore_capacity,Electrical capacity of wind_onshore in Switzerland in MW,own calculation based on Swiss Bundesamt für Energie (BFE),,,CH,CH,CH,Switzerland,country,False,False,swissgrid,True,True,False,False,False,True,False,False,False
22,CH_wind_onshore_generation_actual,Actual wind_onshore generation in Switzerland in MW,ENTSO-E Transparency,,,CH,CH,CH,Switzerland,country,False,False,swissgrid,True,True,False,False,False,True,False,False,False
23,CY_load_actual_entsoe_transparency,Total load in Cyprus in MW as published on ENTSO-E Transparency Platform,own calculation based on ENTSO-E Transparency,,,CY,CY,CY,Cyprus,country,True,True,Cyprus TSO,True,True,False,False,False,True,False,False,False
24,CY_load_forecast_entsoe_transparency,Day-ahead load forecast in Cyprus in MW as published on ENTSO-E Transparency Platform,own calculation based on ENTSO-E Transparency,,,CY,CY,CY,Cyprus,country,True,True,Cyprus TSO,True,True,False,False,False,True,False,False,False
25,CY_wind_onshore_generation_actual,Actual wind_onshore generation in Cyprus in MW,own calculation based on ENTSO-E Transparency,,,CY,CY,CY,Cyprus,country,True,True,Cyprus TSO,True,True,False,False,False,True,False,False,False
26,CZ_load_actual_entsoe_transparency,Total load in Czech Republic in MW as published on ENTSO-E Transparency Platform,ENTSO-E Transparency,,,CZ,CZ,CZ,Czech Republic,country,True,True,CEPS,True,True,False,True,False,True,False,False,False
27,CZ_load_forecast_entsoe_transparency,Day-ahead load forecast in Czech Republic in MW as published on ENTSO-E Transparency Platform,ENTSO-E Transparency,,,CZ,CZ,CZ,Czech Republic,country,True,True,CEPS,True,True,False,True,False,True,False,False,False
28,CZ_solar_generation_actual,Actual solar generation in Czech Republic in MW,ENTSO-E Transparency,,,CZ,CZ,CZ,Czech Republic,country,True,True,CEPS,True,True,False,True,False,True,False,False,False
29,CZ_wind_onshore_generation_actual,Actual wind_onshore generation in Czech Republic in MW,ENTSO-E Transparency,,,CZ,CZ,CZ,Czech Republic,country,True,True,CEPS,True,True,False,True,False,True,False,False,False
30,DE_load_actual_entsoe_transparency,Total load in Germany in MW as published on ENTSO-E Transparency Platform,own calculation based on ENTSO-E Transparency,,,DE,DE,DE,Germany,country,True,True,Germany_default,True,True,False,False,False,True,False,True,False
31,DE_load_forecast_entsoe_transparency,Day-ahead load forecast in Germany in MW as published on ENTSO-E Transparency Platform,own calculation based on ENTSO-E Transparency,,,DE,DE,DE,Germany,country,True,True,Germany_default,True,True,False,False,False,True,False,True,False
32,DE_solar_capacity,Electrical capacity of solar in Germany in MW,own calculation based on BNetzA and netztransparenz.de,,,DE,DE,DE,Germany,country,True,True,Germany_default,True,True,False,False,False,True,False,True,False
33,DE_solar_generation_actual,Actual solar generation in Germany in MW,own calculation based on ENTSO-E Transparency,,,DE,DE,DE,Germany,country,True,True,Germany_default,True,True,False,False,False,True,False,True,False
34,DE_solar_profile,Share of solar capacity producing in Germany,own calculation based on ENTSO-E Transparency and BNetzA and netztransparenz.de,,,DE,DE,DE,Germany,country,True,True,Germany_default,True,True,False,False,False,True,False,True,False
35,DE_wind_capacity,Electrical capacity of wind in Germany in MW,own calculation based on BNetzA and netztransparenz.de,,,DE,DE,DE,Germany,country,True,True,Germany_default,True,True,False,False,False,True,False,True,False
36,DE_wind_generation_actual,Actual wind generation in Germany in MW,own calculation based on ENTSO-E Transparency,,,DE,DE,DE,Germany,country,True,True,Germany_default,True,True,False,False,False,True,False,True,False
37,DE_wind_profile,Share of wind capacity producing in Germany,own calculation based on ENTSO-E Transparency and BNetzA and netztransparenz.de,,,DE,DE,DE,Germany,country,True,True,Germany_default,True,True,False,False,False,True,False,True,False
38,DE_wind_offshore_capacity,Electrical capacity of wind_offshore in Germany in MW,own calculation based on BNetzA and netztransparenz.de,,,DE,DE,DE,Germany,country,True,True,Germany_default,True,True,False,False,False,True,False,True,False
39,DE_wind_offshore_generation_actual,Actual wind_offshore generation in Germany in MW,own calculation based on ENTSO-E Transparency,,,DE,DE,DE,Germany,country,True,True,Germany_default,True,True,False,False,False,True,False,True,False
40,DE_wind_offshore_profile,Share of wind_offshore capacity producing in Germany,own calculation based on ENTSO-E Transparency and BNetzA and netztransparenz.de,,,DE,DE,DE,Germany,country,True,True,Germany_default,True,True,False,False,False,True,False,True,False
41,DE_wind_onshore_capacity,Electrical capacity of wind_onshore in Germany in MW,own calculation based on BNetzA and netztransparenz.de,,,DE,DE,DE,Germany,country,True,True,Germany_default,True,True,False,False,False,True,False,True,False
42,DE_wind_onshore_generation_actual,Actual wind_onshore generation in Germany in MW,own calculation based on ENTSO-E Transparency,,,DE,DE,DE,Germany,country,True,True,Germany_default,True,True,False,False,False,True,False,True,False
43,DE_wind_onshore_profile,Share of wind_onshore capacity producing in Germany,own calculation based on ENTSO-E Transparency and BNetzA and netztransparenz.de,,,DE,DE,DE,Germany,country,True,True,Germany_default,True,True,False,False,False,True,False,True,False
44,DE_50hertz_load_actual_entsoe_transparency,Total load in 50Hertz (control area) in MW as published on ENTSO-E Transparency Platform,own calculation based on ENTSO-E Transparency,,DE_50hertz,DE,DE,DE,Germany,country,True,True,Germany_default,True,True,False,False,False,True,False,True,False
45,DE_50hertz_load_forecast_entsoe_transparency,Day-ahead load forecast in 50Hertz (control area) in MW as published on ENTSO-E Transparency Platform,own calculation based on ENTSO-E Transparency,,DE_50hertz,DE,DE,DE,Germany,country,True,True,Germany_default,True,True,False,False,False,True,False,True,False
46,DE_50hertz_solar_generation_actual,Actual solar generation in 50Hertz (control area) in MW,own calculation based on ENTSO-E Transparency,,DE_50hertz,DE,DE,DE,Germany,country,True,True,Germany_default,True,True,False,False,False,True,False,True,False
47,DE_50hertz_wind_generation_actual,Actual wind generation in 50Hertz (control area) in MW,own calculation based on ENTSO-E Transparency,,DE_50hertz,DE,DE,DE,Germany,country,True,True,Germany_default,True,True,False,False,False,True,False,True,False
48,DE_50hertz_wind_offshore_generation_actual,Actual wind_offshore generation in 50Hertz (control area) in MW,own calculation based on ENTSO-E Transparency,,DE_50hertz,DE,DE,DE,Germany,country,True,True,Germany_default,True,True,False,False,False,True,False,True,False
49,DE_50hertz_wind_onshore_generation_actual,Actual wind_onshore generation in 50Hertz (control area) in MW,own calculation based on ENTSO-E Transparency,,DE_50hertz,DE,DE,DE,Germany,country,True,True,Germany_default,True,True,False,False,False,True,False,True,False
50,DE_LU_load_actual_entsoe_transparency,Total load in DE-LU (bidding zone) in MW as published on ENTSO-E Transparency Platform,own calculation based on ENTSO-E Transparency,DE_LU,,DE,DE,DE,Germany,country,True,True,Germany_default,True,True,False,False,False,True,False,True,False
51,DE_LU_load_forecast_entsoe_transparency,Day-ahead load forecast in DE-LU (bidding zone) in MW as published on ENTSO-E Transparency Platform,own calculation based on ENTSO-E Transparency,DE_LU,,DE,DE,DE,Germany,country,True,True,Germany_default,True,True,False,False,False,True,False,True,False
52,DE_LU_price_day_ahead,Day-ahead spot price for DE-LU (bidding zone) in EUR,ENTSO-E Transparency,DE_LU,,DE,DE,DE,Germany,country,True,True,Germany_default,True,True,False,False,False,True,False,True,True
53,DE_LU_solar_generation_actual,Actual solar generation in DE-LU (bidding zone) in MW,own calculation based on ENTSO-E Transparency,DE_LU,,DE,DE,DE,Germany,country,True,True,Germany_default,True,True,False,False,False,True,False,True,False
54,DE_LU_wind_generation_actual,Actual wind generation in DE-LU (bidding zone) in MW,own calculation based on ENTSO-E Transparency,DE_LU,,DE,DE,DE,Germany,country,True,True,Germany_default,True,True,False,False,False,True,False,True,False
55,DE_LU_wind_offshore_generation_actual,Actual wind_offshore generation in DE-LU (bidding zone) in MW,own calculation based on ENTSO-E Transparency,DE_LU,,DE,DE,DE,Germany,country,True,True,Germany_default,True,True,False,False,False,True,False,True,False
56,DE_LU_wind_onshore_generation_actual,Actual wind_onshore generation in DE-LU (bidding zone) in MW,own calculation based on ENTSO-E Transparency,DE_LU,,DE,DE,DE,Germany,country,True,True,Germany_default,True,True,False,False,False,True,False,True,False
57,DE_amprion_load_actual_entsoe_transparency,Total load in Amprion (control area) in MW as published on ENTSO-E Transparency Platform,own calculation based on ENTSO-E Transparency,,DE_amprion,DE,DE,DE,Germany,country,True,True,Germany_default,True,True,False,False,False,True,False,True,False
58,DE_amprion_load_forecast_entsoe_transparency,Day-ahead load forecast in Amprion (control area) in MW as published on ENTSO-E Transparency Platform,own calculation based on ENTSO-E Transparency,,DE_amprion,DE,DE,DE,Germany,country,True,True,Germany_default,True,True,False,False,False,True,False,True,False
59,DE_amprion_solar_generation_actual,Actual solar generation in Amprion (control area) in MW,own calculation based on ENTSO-E Transparency,,DE_amprion,DE,DE,DE,Germany,country,True,True,Germany_default,True,True,False,False,False,True,False,True,False
60,DE_amprion_wind_onshore_generation_actual,Actual wind_onshore generation in Amprion (control area) in MW,own calculation based on ENTSO-E Transparency,,DE_amprion,DE,DE,DE,Germany,country,True,True,Germany_default,True,True,False,False,False,True,False,True,False
61,DE_tennet_load_actual_entsoe_transparency,Total load in TenneT GER (control area) in MW as published on ENTSO-E Transparency Platform,own calculation based on ENTSO-E Transparency,,DE_tennet,DE,DE,DE,Germany,country,True,True,Germany_default,True,True,False,False,False,True,False,True,False
62,DE_tennet_load_forecast_entsoe_transparency,Day-ahead load forecast in TenneT GER (control area) in MW as published on ENTSO-E Transparency Platform,own calculation based on ENTSO-E Transparency,,DE_tennet,DE,DE,DE,Germany,country,True,True,Germany_default,True,True,False,False,False,True,False,True,False
63,DE_tennet_solar_generation_actual,Actual solar generation in TenneT GER (control area) in MW,own calculation based on ENTSO-E Transparency,,DE_tennet,DE,DE,DE,Germany,country,True,True,Germany_default,True,True,False,False,False,True,False,True,False
64,DE_tennet_wind_generation_actual,Actual wind generation in TenneT GER (control area) in MW,own calculation based on ENTSO-E Transparency,,DE_tennet,DE,DE,DE,Germany,country,True,True,Germany_default,True,True,False,False,False,True,False,True,False
65,DE_tennet_wind_offshore_generation_actual,Actual wind_offshore generation in TenneT GER (control area) in MW,own calculation based on ENTSO-E Transparency,,DE_tennet,DE,DE,DE,Germany,country,True,True,Germany_default,True,True,False,False,False,True,False,True,False
66,DE_tennet_wind_onshore_generation_actual,Actual wind_onshore generation in TenneT GER (control area) in MW,own calculation based on ENTSO-E Transparency,,DE_tennet,DE,DE,DE,Germany,country,True,True,Germany_default,True,True,False,False,False,True,False,True,False
67,DE_transnetbw_load_actual_entsoe_transparency,Total load in TransnetBW (control area) in MW as published on ENTSO-E Transparency Platform,own calculation based on ENTSO-E Transparency,,DE_transnetbw,DE,DE,DE,Germany,country,True,True,Germany_default,True,True,False,False,False,True,False,True,False
68,DE_transnetbw_load_forecast_entsoe_transparency,Day-ahead load forecast in TransnetBW (control area) in MW as published on ENTSO-E Transparency Platform,own calculation based on ENTSO-E Transparency,,DE_transnetbw,DE,DE,DE,Germany,country,True,True,Germany_default,True,True,False,False,False,True,False,True,False
69,DE_transnetbw_solar_generation_actual,Actual solar generation in TransnetBW (control area) in MW,own calculation based on ENTSO-E Transparency,,DE_transnetbw,DE,DE,DE,Germany,country,True,True,Germany_default,True,True,False,False,False,True,False,True,False
70,DE_transnetbw_wind_onshore_generation_actual,Actual wind_onshore generation in TransnetBW (control area) in MW,own calculation based on ENTSO-E Transparency,,DE_transnetbw,DE,DE,DE,Germany,country,True,True,Germany_default,True,True,False,False,False,True,False,True,False
71,DK_load_actual_entsoe_transparency,Total load in Denmark in MW as published on ENTSO-E Transparency Platform,ENTSO-E Transparency,,,DK,DK,DK,Denmark,country,True,True,Denmark_default,True,True,False,True,False,True,False,False,False
72,DK_load_forecast_entsoe_transparency,Day-ahead load forecast in Denmark in MW as published on ENTSO-E Transparency Platform,ENTSO-E Transparency,,,DK,DK,DK,Denmark,country,True,True,Denmark_default,True,True,False,True,False,True,False,False,False
73,DK_solar_capacity,Electrical capacity of solar in Denmark in MW,own calculation based on Energinet.dk and Energistyrelsen,,,DK,DK,DK,Denmark,country,True,True,Denmark_default,True,True,False,True,False,True,False,False,False
74,DK_solar_generation_actual,Actual solar generation in Denmark in MW,ENTSO-E Transparency,,,DK,DK,DK,Denmark,country,True,True,Denmark_default,True,True,False,True,False,True,False,False,False
75,DK_wind_capacity,Electrical capacity of wind in Denmark in MW,own calculation based on Energinet.dk and Energistyrelsen,,,DK,DK,DK,Denmark,country,True,True,Denmark_default,True,True,False,True,False,True,False,False,False
76,DK_wind_generation_actual,Actual wind generation in Denmark in MW,own calculation based on ENTSO-E Transparency,,,DK,DK,DK,Denmark,country,True,True,Denmark_default,True,True,False,True,False,True,False,False,False
77,DK_wind_offshore_capacity,Electrical capacity of wind_offshore in Denmark in MW,own calculation based on Energinet.dk and Energistyrelsen,,,DK,DK,DK,Denmark,country,True,True,Denmark_default,True,True,False,True,False,True,False,False,False
78,DK_wind_offshore_generation_actual,Actual wind_offshore generation in Denmark in MW,ENTSO-E Transparency,,,DK,DK,DK,Denmark,country,True,True,Denmark_default,True,True,False,True,False,True,False,False,False
79,DK_wind_onshore_capacity,Electrical capacity of wind_onshore in Denmark in MW,own calculation based on Energinet.dk and Energistyrelsen,,,DK,DK,DK,Denmark,country,True,True,Denmark_default,True,True,False,True,False,True,False,False,False
80,DK_wind_onshore_generation_actual,Actual wind_onshore generation in Denmark in MW,ENTSO-E Transparency,,,DK,DK,DK,Denmark,country,True,True,Denmark_default,True,True,False,True,False,True,False,False,False
81,DK_1_load_actual_entsoe_transparency,Total load in DK1 (bidding zone) in MW as published on ENTSO-E Transparency Platform,ENTSO-E Transparency,DK_1,,DK,DK,DK,Denmark,country,True,True,Denmark_default,True,True,False,True,False,True,False,False,False
82,DK_1_load_forecast_entsoe_transparency,Day-ahead load forecast in DK1 (bidding zone) in MW as published on ENTSO-E Transparency Platform,ENTSO-E Transparency,DK_1,,DK,DK,DK,Denmark,country,True,True,Denmark_default,True,True,False,True,False,True,False,False,False
83,DK_1_price_day_ahead,Day-ahead spot price for DK1 (bidding zone) in EUR,ENTSO-E Transparency,DK_1,,DK,DK,DK,Denmark,country,True,True,Denmark_default,True,True,False,True,False,True,False,False,True
84,DK_1_solar_generation_actual,Actual solar generation in DK1 (bidding zone) in MW,ENTSO-E Transparency,DK_1,,DK,DK,DK,Denmark,country,True,True,Denmark_default,True,True,False,True,False,True,False,False,False
85,DK_1_wind_generation_actual,Actual wind generation in DK1 (bidding zone) in MW,own calculation based on ENTSO-E Transparency,DK_1,,DK,DK,DK,Denmark,country,True,True,Denmark_default,True,True,False,True,False,True,False,False,False
86,DK_1_wind_offshore_generation_actual,Actual wind_offshore generation in DK1 (bidding zone) in MW,ENTSO-E Transparency,DK_1,,DK,DK,DK,Denmark,country,True,True,Denmark_default,True,True,False,True,False,True,False,False,False
87,DK_1_wind_onshore_generation_actual,Actual wind_onshore generation in DK1 (bidding zone) in MW,ENTSO-E Transparency,DK_1,,DK,DK,DK,Denmark,country,True,True,Denmark_default,True,True,False,True,False,True,False,False,False
88,DK_2_load_actual_entsoe_transparency,Total load in DK2 (bidding zone) in MW as published on ENTSO-E Transparency Platform,ENTSO-E Transparency,DK_2,,DK,DK,DK,Denmark,country,True,True,Denmark_default,True,True,False,True,False,True,False,False,False
89,DK_2_load_forecast_entsoe_transparency,Day-ahead load forecast in DK2 (bidding zone) in MW as published on ENTSO-E Transparency Platform,ENTSO-E Transparency,DK_2,,DK,DK,DK,Denmark,country,True,True,Denmark_default,True,True,False,True,False,True,False,False,False
90,DK_2_price_day_ahead,Day-ahead spot price for DK2 (bidding zone) in EUR,ENTSO-E Transparency,DK_2,,DK,DK,DK,Denmark,country,True,True,Denmark_default,True,True,False,True,False,True,False,False,True
91,DK_2_solar_generation_actual,Actual solar generation in DK2 (bidding zone) in MW,ENTSO-E Transparency,DK_2,,DK,DK,DK,Denmark,country,True,True,Denmark_default,True,True,False,True,False,True,False,False,False
92,DK_2_wind_generation_actual,Actual wind generation in DK2 (bidding zone) in MW,own calculation based on ENTSO-E Transparency,DK_2,,DK,DK,DK,Denmark,country,True,True,Denmark_default,True,True,False,True,False,True,False,False,False
93,DK_2_wind_offshore_generation_actual,Actual wind_offshore generation in DK2 (bidding zone) in MW,ENTSO-E Transparency,DK_2,,DK,DK,DK,Denmark,country,True,True,Denmark_default,True,True,False,True,False,True,False,False,False
94,DK_2_wind_onshore_generation_actual,Actual wind_onshore generation in DK2 (bidding zone) in MW,ENTSO-E Transparency,DK_2,,DK,DK,DK,Denmark,country,True,True,Denmark_default,True,True,False,True,False,True,False,False,False
95,EE_load_actual_entsoe_transparency,Total load in Estonia in MW as published on ENTSO-E Transparency Platform,ENTSO-E Transparency,,,EE,EE,EE,Estonia,country,True,True,Elering,True,True,False,False,False,True,False,False,False
96,EE_load_forecast_entsoe_transparency,Day-ahead load forecast in Estonia in MW as published on ENTSO-E Transparency Platform,ENTSO-E Transparency,,,EE,EE,EE,Estonia,country,True,True,Elering,True,True,False,False,False,True,False,False,False
97,EE_solar_generation_actual,Actual solar generation in Estonia in MW,ENTSO-E Transparency,,,EE,EE,EE,Estonia,country,True,True,Elering,True,True,False,False,False,True,False,False,False
98,EE_wind_onshore_generation_actual,Actual wind_onshore generation in Estonia in MW,ENTSO-E Transparency,,,EE,EE,EE,Estonia,country,True,True,Elering,True,True,False,False,False,True,False,False,False
99,ES_load_actual_entsoe_transparency,Total load in Spain in MW as published on ENTSO-E Transparency Platform,ENTSO-E Transparency,,,ES,ES,ES,Spain,country,True,True,REE,True,True,False,False,False,True,False,False,False
100,ES_load_forecast_entsoe_transparency,Day-ahead load forecast in Spain in MW as published on ENTSO-E Transparency Platform,ENTSO-E Transparency,,,ES,ES,ES,Spain,country,True,True,REE,True,True,False,False,False,True,False,False,False
101,ES_solar_generation_actual,Actual solar generation in Spain in MW,ENTSO-E Transparency,,,ES,ES,ES,Spain,country,True,True,REE,True,True,False,False,False,True,False,False,False
102,ES_wind_onshore_generation_actual,Actual wind_onshore generation in Spain in MW,ENTSO-E Transparency,,,ES,ES,ES,Spain,country,True,True,REE,True,True,False,False,False,True,False,False,False
103,FI_load_actual_entsoe_transparency,Total load in Finland in MW as published on ENTSO-E Transparency Platform,ENTSO-E Transparency,,,FI,FI,FI,Finland,country,True,True,Fingrid,True,True,False,False,False,True,False,False,False
104,FI_load_forecast_entsoe_transparency,Day-ahead load forecast in Finland in MW as published on ENTSO-E Transparency Platform,ENTSO-E Transparency,,,FI,FI,FI,Finland,country,True,True,Fingrid,True,True,False,False,False,True,False,False,False
105,FI_wind_onshore_generation_actual,Actual wind_onshore generation in Finland in MW,ENTSO-E Transparency,,,FI,FI,FI,Finland,country,True,True,Fingrid,True,True,False,False,False,True,False,False,False
106,FR_load_actual_entsoe_transparency,Total load in France in MW as published on ENTSO-E Transparency Platform,ENTSO-E Transparency,,,FR,FR,FR,France,country,True,True,RTE,True,True,False,True,False,True,False,False,False
107,FR_load_forecast_entsoe_transparency,Day-ahead load forecast in France in MW as published on ENTSO-E Transparency Platform,ENTSO-E Transparency,,,FR,FR,FR,France,country,True,True,RTE,True,True,False,True,False,True,False,False,False
108,FR_solar_generation_actual,Actual solar generation in France in MW,ENTSO-E Transparency,,,FR,FR,FR,France,country,True,True,RTE,True,True,False,True,False,True,False,False,False
109,FR_wind_onshore_generation_actual,Actual wind_onshore generation in France in MW,ENTSO-E Transparency,,,FR,FR,FR,France,country,True,True,RTE,True,True,False,True,False,True,False,False,False
110,GB_GBN_load_actual_entsoe_transparency,Total load in Great Britain in MW as published on ENTSO-E Transparency Platform,own calculation based on ENTSO-E Transparency,,,GB_GBN,GB,GB,National Grid BZ,country,False,False,National Grid,True,True,True,False,False,False,False,True,False
111,GB_GBN_load_forecast_entsoe_transparency,Day-ahead load forecast in Great Britain in MW as published on ENTSO-E Transparency Platform,own calculation based on ENTSO-E Transparency,,,GB_GBN,GB,GB,National Grid BZ,country,False,False,National Grid,True,True,True,False,False,False,False,True,False
112,GB_GBN_price_day_ahead,Day-ahead spot price for Great Britain in GBP,ENTSO-E Transparency,,,GB_GBN,GB,GB,National Grid BZ,country,False,False,National Grid,True,True,True,False,False,False,False,True,True
113,GB_GBN_solar_capacity,Electrical capacity of solar in Great Britain in MW,"own calculation based on UK Government Department of Business, Energy & Industrial Strategy (BEIS)",,,GB_GBN,GB,GB,National Grid BZ,country,False,False,National Grid,True,True,True,False,False,False,False,True,False
114,GB_GBN_solar_generation_actual,Actual solar generation in Great Britain in MW,own calculation based on ENTSO-E Transparency,,,GB_GBN,GB,GB,National Grid BZ,country,False,False,National Grid,True,True,True,False,False,False,False,True,False
115,GB_GBN_solar_profile,Share of solar capacity producing in Great Britain,"own calculation based on ENTSO-E Transparency and UK Government Department of Business, Energy & Industrial Strategy (BEIS)",,,GB_GBN,GB,GB,National Grid BZ,country,False,False,National Grid,True,True,True,False,False,False,False,True,False
116,GB_GBN_wind_capacity,Electrical capacity of wind in Great Britain in MW,"own calculation based on UK Government Department of Business, Energy & Industrial Strategy (BEIS)",,,GB_GBN,GB,GB,National Grid BZ,country,False,False,National Grid,True,True,True,False,False,False,False,True,False
117,GB_GBN_wind_generation_actual,Actual wind generation in Great Britain in MW,own calculation based on ENTSO-E Transparency,,,GB_GBN,GB,GB,National Grid BZ,country,False,False,National Grid,True,True,True,False,False,False,False,True,False
118,GB_GBN_wind_profile,Share of wind capacity producing in Great Britain,"own calculation based on ENTSO-E Transparency and UK Government Department of Business, Energy & Industrial Strategy (BEIS)",,,GB_GBN,GB,GB,National Grid BZ,country,False,False,National Grid,True,True,True,False,False,False,False,True,False
119,GB_GBN_wind_offshore_capacity,Electrical capacity of wind_offshore in Great Britain in MW,"own calculation based on UK Government Department of Business, Energy & Industrial Strategy (BEIS)",,,GB_GBN,GB,GB,National Grid BZ,country,False,False,National Grid,True,True,True,False,False,False,False,True,False
120,GB_GBN_wind_offshore_generation_actual,Actual wind_offshore generation in Great Britain in MW,own calculation based on ENTSO-E Transparency,,,GB_GBN,GB,GB,National Grid BZ,country,False,False,National Grid,True,True,True,False,False,False,False,True,False
121,GB_GBN_wind_offshore_profile,Share of wind_offshore capacity producing in Great Britain,"own calculation based on ENTSO-E Transparency and UK Government Department of Business, Energy & Industrial Strategy (BEIS)",,,GB_GBN,GB,GB,National Grid BZ,country,False,False,National Grid,True,True,True,False,False,False,False,True,False
122,GB_GBN_wind_onshore_capacity,Electrical capacity of wind_onshore in Great Britain in MW,"own calculation based on UK Government Department of Business, Energy & Industrial Strategy (BEIS)",,,GB_GBN,GB,GB,National Grid BZ,country,False,False,National Grid,True,True,True,False,False,False,False,True,False
123,GB_GBN_wind_onshore_generation_actual,Actual wind_onshore generation in Great Britain in MW,own calculation based on ENTSO-E Transparency,,,GB_GBN,GB,GB,National Grid BZ,country,False,False,National Grid,True,True,True,False,False,False,False,True,False
124,GB_GBN_wind_onshore_profile,Share of wind_onshore capacity producing in Great Britain,"own calculation based on ENTSO-E Transparency and UK Government Department of Business, Energy & Industrial Strategy (BEIS)",,,GB_GBN,GB,GB,National Grid BZ,country,False,False,National Grid,True,True,True,False,False,False,False,True,False
125,GB_NIR_load_actual_entsoe_transparency,Total load in Northern Ireland in MW as published on ENTSO-E Transparency Platform,own calculation based on ENTSO-E Transparency,,,GB_NIR,GB,NIE,SONI CA,country,False,False,United Kingdom_default,True,True,False,False,False,False,False,True,False
126,GB_NIR_load_forecast_entsoe_transparency,Day-ahead load forecast in Northern Ireland in MW as published on ENTSO-E Transparency Platform,own calculation based on ENTSO-E Transparency,,,GB_NIR,GB,NIE,SONI CA,country,False,False,United Kingdom_default,True,True,False,False,False,False,False,True,False
127,GB_NIR_solar_capacity,Electrical capacity of solar in Northern Ireland in MW,"own calculation based on UK Government Department of Business, Energy & Industrial Strategy (BEIS)",,,GB_NIR,GB,NIE,SONI CA,country,False,False,United Kingdom_default,True,True,False,False,False,False,False,True,False
128,GB_NIR_wind_onshore_capacity,Electrical capacity of wind_onshore in Northern Ireland in MW,"own calculation based on UK Government Department of Business, Energy & Industrial Strategy (BEIS)",,,GB_NIR,GB,NIE,SONI CA,country,False,False,United Kingdom_default,True,True,False,False,False,False,False,True,False
129,GB_NIR_wind_onshore_generation_actual,Actual wind_onshore generation in Northern Ireland in MW,own calculation based on ENTSO-E Transparency,,,GB_NIR,GB,NIE,SONI CA,country,False,False,United Kingdom_default,True,True,False,False,False,False,False,True,False
130,GB_UKM_load_actual_entsoe_transparency,Total load in United Kingdom in MW as published on ENTSO-E Transparency Platform,own calculation based on ENTSO-E Transparency,,,GB_UKM,GB,GB,United Kingdom,country,False,False,United Kingdom_default,True,True,False,False,False,True,False,True,False
131,GB_UKM_load_forecast_entsoe_transparency,Day-ahead load forecast in United Kingdom in MW as published on ENTSO-E Transparency Platform,own calculation based on ENTSO-E Transparency,,,GB_UKM,GB,GB,United Kingdom,country,False,False,United Kingdom_default,True,True,False,False,False,True,False,True,False
132,GB_UKM_solar_capacity,Electrical capacity of solar in United Kingdom in MW,"own calculation based on UK Government Department of Business, Energy & Industrial Strategy (BEIS)",,,GB_UKM,GB,GB,United Kingdom,country,False,False,United Kingdom_default,True,True,False,False,False,True,False,True,False
133,GB_UKM_solar_generation_actual,Actual solar generation in United Kingdom in MW,own calculation based on ENTSO-E Transparency,,,GB_UKM,GB,GB,United Kingdom,country,False,False,United Kingdom_default,True,True,False,False,False,True,False,True,False
134,GB_UKM_wind_capacity,Electrical capacity of wind in United Kingdom in MW,"own calculation based on UK Government Department of Business, Energy & Industrial Strategy (BEIS)",,,GB_UKM,GB,GB,United Kingdom,country,False,False,United Kingdom_default,True,True,False,False,False,True,False,True,False
135,GB_UKM_wind_generation_actual,Actual wind generation in United Kingdom in MW,own calculation based on ENTSO-E Transparency,,,GB_UKM,GB,GB,United Kingdom,country,False,False,United Kingdom_default,True,True,False,False,False,True,False,True,False
136,GB_UKM_wind_offshore_capacity,Electrical capacity of wind_offshore in United Kingdom in MW,"own calculation based on UK Government Department of Business, Energy & Industrial Strategy (BEIS)",,,GB_UKM,GB,GB,United Kingdom,country,False,False,United Kingdom_default,True,True,False,False,False,True,False,True,False
137,GB_UKM_wind_offshore_generation_actual,Actual wind_offshore generation in United Kingdom in MW,own calculation based on ENTSO-E Transparency,,,GB_UKM,GB,GB,United Kingdom,country,False,False,United Kingdom_default,True,True,False,False,False,True,False,True,False
138,GB_UKM_wind_onshore_capacity,Electrical capacity of wind_onshore in United Kingdom in MW,"own calculation based on UK Government Department of Business, Energy & Industrial Strategy (BEIS)",,,GB_UKM,GB,GB,United Kingdom,country,False,False,United Kingdom_default,True,True,False,False,False,True,False,True,False
139,GB_UKM_wind_onshore_generation_actual,Actual wind_onshore generation in United Kingdom in MW,own calculation based on ENTSO-E Transparency,,,GB_UKM,GB,GB,United Kingdom,country,False,False,United Kingdom_default,True,True,False,False,False,True,False,True,False
140,GR_load_actual_entsoe_transparency,Total load in Greece in MW as published on ENTSO-E Transparency Platform,ENTSO-E Transparency,,,GR,GR,GR,Greece,country,True,True,IPTO,True,True,False,False,False,True,False,False,False
141,GR_load_forecast_entsoe_transparency,Day-ahead load forecast in Greece in MW as published on ENTSO-E Transparency Platform,ENTSO-E Transparency,,,GR,GR,GR,Greece,country,True,True,IPTO,True,True,False,False,False,True,False,False,False
142,GR_solar_generation_actual,Actual solar generation in Greece in MW,ENTSO-E Transparency,,,GR,GR,GR,Greece,country,True,True,IPTO,True,True,False,False,False,True,False,False,False
143,GR_wind_onshore_generation_actual,Actual wind_onshore generation in Greece in MW,ENTSO-E Transparency,,,GR,GR,GR,Greece,country,True,True,IPTO,True,True,False,False,False,True,False,False,False
144,HR_load_actual_entsoe_transparency,Total load in Croatia in MW as published on ENTSO-E Transparency Platform,ENTSO-E Transparency,,,HR,HR,HR,Croatia,country,True,True,HOPS,True,False,False,False,False,True,False,False,False
145,HR_load_forecast_entsoe_transparency,Day-ahead load forecast in Croatia in MW as published on ENTSO-E Transparency Platform,ENTSO-E Transparency,,,HR,HR,HR,Croatia,country,True,True,HOPS,True,False,False,False,False,True,False,False,False
146,HR_solar_generation_actual,Actual solar generation in Croatia in MW,ENTSO-E Transparency,,,HR,HR,HR,Croatia,country,True,True,HOPS,True,False,False,False,False,True,False,False,False
147,HR_wind_onshore_generation_actual,Actual wind_onshore generation in Croatia in MW,ENTSO-E Transparency,,,HR,HR,HR,Croatia,country,True,True,HOPS,True,False,False,False,False,True,False,False,False
148,HU_load_actual_entsoe_transparency,Total load in Hungary in MW as published on ENTSO-E Transparency Platform,own calculation based on ENTSO-E Transparency,,,HU,HU,HU,Hungary,country,True,True,MAVIR,True,True,False,False,False,True,False,False,False
149,HU_load_forecast_entsoe_transparency,Day-ahead load forecast in Hungary in MW as published on ENTSO-E Transparency Platform,own calculation based on ENTSO-E Transparency,,,HU,HU,HU,Hungary,country,True,True,MAVIR,True,True,False,False,False,True,False,False,False
150,HU_solar_generation_actual,Actual solar generation in Hungary in MW,own calculation based on ENTSO-E Transparency,,,HU,HU,HU,Hungary,country,True,True,MAVIR,True,True,False,False,False,True,False,False,False
151,HU_wind_onshore_generation_actual,Actual wind_onshore generation in Hungary in MW,own calculation based on ENTSO-E Transparency,,,HU,HU,HU,Hungary,country,True,True,MAVIR,True,True,False,False,False,True,False,False,False
152,IE_load_actual_entsoe_transparency,Total load in Ireland in MW as published on ENTSO-E Transparency Platform,own calculation based on ENTSO-E Transparency,,,IE,IE,IE,Ireland,country,True,True,Ireland_default,True,True,False,False,False,True,False,False,False
153,IE_load_forecast_entsoe_transparency,Day-ahead load forecast in Ireland in MW as published on ENTSO-E Transparency Platform,own calculation based on ENTSO-E Transparency,,,IE,IE,IE,Ireland,country,True,True,Ireland_default,True,True,False,False,False,True,False,False,False
154,IE_wind_onshore_generation_actual,Actual wind_onshore generation in Ireland in MW,own calculation based on ENTSO-E Transparency,,,IE,IE,IE,Ireland,country,True,True,Ireland_default,True,True,False,False,False,True,False,False,False
155,IE_sem_load_actual_entsoe_transparency,Total load in Ireland - (SEM) (bidding zone) in MW as published on ENTSO-E Transparency Platform,own calculation based on ENTSO-E Transparency,IE_sem,,IE,IE,IE,Ireland,country,True,True,Ireland_default,True,True,False,False,False,True,False,False,False
156,IE_sem_load_forecast_entsoe_transparency,Day-ahead load forecast in Ireland - (SEM) (bidding zone) in MW as published on ENTSO-E Transparency Platform,own calculation based on ENTSO-E Transparency,IE_sem,,IE,IE,IE,Ireland,country,True,True,Ireland_default,True,True,False,False,False,True,False,False,False
157,IE_sem_price_day_ahead,Day-ahead spot price for Ireland - (SEM) (bidding zone) in EUR,ENTSO-E Transparency,IE_sem,,IE,IE,IE,Ireland,country,True,True,Ireland_default,True,True,False,False,False,True,False,False,True
158,IE_sem_wind_onshore_generation_actual,Actual wind_onshore generation in Ireland - (SEM) (bidding zone) in MW,own calculation based on ENTSO-E Transparency,IE_sem,,IE,IE,IE,Ireland,country,True,True,Ireland_default,True,True,False,False,False,True,False,False,False
159,IT_load_actual_entsoe_transparency,Total load in Italy in MW as published on ENTSO-E Transparency Platform,ENTSO-E Transparency,,,IT,IT,IT,Italy,country,True,True,Italy,True,True,False,True,False,True,False,False,False
160,IT_load_forecast_entsoe_transparency,Day-ahead load forecast in Italy in MW as published on ENTSO-E Transparency Platform,ENTSO-E Transparency,,,IT,IT,IT,Italy,country,True,True,Italy,True,True,False,True,False,True,False,False,False
161,IT_solar_generation_actual,Actual solar generation in Italy in MW,ENTSO-E Transparency,,,IT,IT,IT,Italy,country,True,True,Italy,True,True,False,True,False,True,False,False,False
162,IT_wind_onshore_generation_actual,Actual wind_onshore generation in Italy in MW,ENTSO-E Transparency,,,IT,IT,IT,Italy,country,True,True,Italy,True,True,False,True,False,True,False,False,False
163,IT_BRNN_price_day_ahead,Day-ahead spot price for IT-Brindisi (bidding zone) in EUR,ENTSO-E Transparency,IT_BRNN,,IT,IT,IT,Italy,country,True,True,Italy,True,True,False,True,False,True,False,False,True
164,IT_BRNN_wind_onshore_generation_actual,Actual wind_onshore generation in IT-Brindisi (bidding zone) in MW,ENTSO-E Transparency,IT_BRNN,,IT,IT,IT,Italy,country,True,True,Italy,True,True,False,True,False,True,False,False,False
165,IT_CNOR_load_actual_entsoe_transparency,Total load in IT-Centre-North (bidding zone) in MW as published on ENTSO-E Transparency Platform,ENTSO-E Transparency,IT_CNOR,,IT,IT,IT,Italy,country,True,True,Italy,True,True,False,True,False,True,False,False,False
166,IT_CNOR_load_forecast_entsoe_transparency,Day-ahead load forecast in IT-Centre-North (bidding zone) in MW as published on ENTSO-E Transparency Platform,ENTSO-E Transparency,IT_CNOR,,IT,IT,IT,Italy,country,True,True,Italy,True,True,False,True,False,True,False,False,False
167,IT_CNOR_price_day_ahead,Day-ahead spot price for IT-Centre-North (bidding zone) in EUR,ENTSO-E Transparency,IT_CNOR,,IT,IT,IT,Italy,country,True,True,Italy,True,True,False,True,False,True,False,False,True
168,IT_CNOR_solar_generation_actual,Actual solar generation in IT-Centre-North (bidding zone) in MW,ENTSO-E Transparency,IT_CNOR,,IT,IT,IT,Italy,country,True,True,Italy,True,True,False,True,False,True,False,False,False
169,IT_CNOR_wind_onshore_generation_actual,Actual wind_onshore generation in IT-Centre-North (bidding zone) in MW,ENTSO-E Transparency,IT_CNOR,,IT,IT,IT,Italy,country,True,True,Italy,True,True,False,True,False,True,False,False,False
170,IT_CSUD_load_actual_entsoe_transparency,Total load in IT-Centre-South (bidding zone) in MW as published on ENTSO-E Transparency Platform,ENTSO-E Transparency,IT_CSUD,,CS,CS,CS,SerbiaMontenegro_default,country,False,False,SerbiaMontenegro_default,False,False,False,False,False,True,False,False,False
171,IT_CSUD_load_forecast_entsoe_transparency,Day-ahead load forecast in IT-Centre-South (bidding zone) in MW as published on ENTSO-E Transparency Platform,ENTSO-E Transparency,IT_CSUD,,CS,CS,CS,SerbiaMontenegro_default,country,False,False,SerbiaMontenegro_default,False,False,False,False,False,True,False,False,False
172,IT_CSUD_price_day_ahead,Day-ahead spot price for IT-Centre-South (bidding zone) in EUR,ENTSO-E Transparency,IT_CSUD,,CS,CS,CS,SerbiaMontenegro_default,country,False,False,SerbiaMontenegro_default,False,False,False,False,False,True,False,False,True
173,IT_CSUD_solar_generation_actual,Actual solar generation in IT-Centre-South (bidding zone) in MW,ENTSO-E Transparency,IT_CSUD,,CS,CS,CS,SerbiaMontenegro_default,country,False,False,SerbiaMontenegro_default,False,False,False,False,False,True,False,False,False
174,IT_CSUD_wind_onshore_generation_actual,Actual wind_onshore generation in IT-Centre-South (bidding zone) in MW,ENTSO-E Transparency,IT_CSUD,,CS,CS,CS,SerbiaMontenegro_default,country,False,False,SerbiaMontenegro_default,False,False,False,False,False,True,False,False,False
175,IT_FOGN_price_day_ahead,Day-ahead spot price for IT-Foggia (bidding zone) in EUR,ENTSO-E Transparency,IT_FOGN,,IT,IT,IT,Italy,country,True,True,Italy,True,True,False,True,False,True,False,False,True
176,IT_FOGN_solar_generation_actual,Actual solar generation in IT-Foggia (bidding zone) in MW,ENTSO-E Transparency,IT_FOGN,,IT,IT,IT,Italy,country,True,True,Italy,True,True,False,True,False,True,False,False,False
177,IT_FOGN_wind_onshore_generation_actual,Actual wind_onshore generation in IT-Foggia (bidding zone) in MW,ENTSO-E Transparency,IT_FOGN,,IT,IT,IT,Italy,country,True,True,Italy,True,True,False,True,False,True,False,False,False
178,IT_GR_price_day_ahead,Day-ahead spot price for IT-GR (bidding zone) in EUR,ENTSO-E Transparency,IT_GR,,GR,GR,GR,Greece,country,True,True,IPTO,True,True,False,False,False,True,False,False,True
179,IT_NORD_load_actual_entsoe_transparency,Total load in IT-North (bidding zone) in MW as published on ENTSO-E Transparency Platform,ENTSO-E Transparency,IT_NORD,,IT,IT,IT,Italy,country,True,True,Italy,True,True,False,True,False,True,False,False,False
180,IT_NORD_load_forecast_entsoe_transparency,Day-ahead load forecast in IT-North (bidding zone) in MW as published on ENTSO-E Transparency Platform,ENTSO-E Transparency,IT_NORD,,IT,IT,IT,Italy,country,True,True,Italy,True,True,False,True,False,True,False,False,False
181,IT_NORD_price_day_ahead,Day-ahead spot price for IT-North (bidding zone) in EUR,ENTSO-E Transparency,IT_NORD,,IT,IT,IT,Italy,country,True,True,Italy,True,True,False,True,False,True,False,False,True
182,IT_NORD_solar_generation_actual,Actual solar generation in IT-North (bidding zone) in MW,ENTSO-E Transparency,IT_NORD,,IT,IT,IT,Italy,country,True,True,Italy,True,True,False,True,False,True,False,False,False
183,IT_NORD_wind_onshore_generation_actual,Actual wind_onshore generation in IT-North (bidding zone) in MW,ENTSO-E Transparency,IT_NORD,,IT,IT,IT,Italy,country,True,True,Italy,True,True,False,True,False,True,False,False,False
184,IT_NORD_AT_price_day_ahead,Day-ahead spot price for IT-North-AT (bidding zone) in EUR,ENTSO-E Transparency,IT_NORD,,AT,AT,AT,Austria,country,True,True,APG,True,True,True,True,False,True,False,False,True
185,IT_NORD_CH_price_day_ahead,Day-ahead spot price for IT-North-CH (bidding zone) in EUR,ENTSO-E Transparency,IT_NORD,,CH,CH,CH,Switzerland,country,False,False,swissgrid,True,True,False,False,False,True,False,False,True
186,IT_NORD_FR_price_day_ahead,Day-ahead spot price for IT-North-FR (bidding zone) in EUR,ENTSO-E Transparency,IT_NORD,,FR,FR,FR,France,country,True,True,RTE,True,True,False,True,False,True,False,False,True
187,IT_NORD_SI_price_day_ahead,Day-ahead spot price for IT-North-SI (bidding zone) in EUR,ENTSO-E Transparency,IT_NORD,,IT,IT,IT,Italy,country,True,True,Italy,True,True,False,True,False,True,False,False,True
188,IT_PRGP_price_day_ahead,Day-ahead spot price for IT-Priolo (bidding zone) in EUR,ENTSO-E Transparency,IT_PRGP,,IT,IT,IT,Italy,country,True,True,Italy,True,True,False,True,False,True,False,False,True
189,IT_PRGP_solar_generation_actual,Actual solar generation in IT-Priolo (bidding zone) in MW,ENTSO-E Transparency,IT_PRGP,,IT,IT,IT,Italy,country,True,True,Italy,True,True,False,True,False,True,False,False,False
190,IT_PRGP_wind_onshore_generation_actual,Actual wind_onshore generation in IT-Priolo (bidding zone) in MW,ENTSO-E Transparency,IT_PRGP,,IT,IT,IT,Italy,country,True,True,Italy,True,True,False,True,False,True,False,False,False
191,IT_ROSN_price_day_ahead,Day-ahead spot price for IT-Rossano (bidding zone) in EUR,ENTSO-E Transparency,IT_ROSN,,IT,IT,IT,Italy,country,True,True,Italy,True,True,False,True,False,True,False,False,True
192,IT_ROSN_solar_generation_actual,Actual solar generation in IT-Rossano (bidding zone) in MW,ENTSO-E Transparency,IT_ROSN,,IT,IT,IT,Italy,country,True,True,Italy,True,True,False,True,False,True,False,False,False
193,IT_ROSN_wind_onshore_generation_actual,Actual wind_onshore generation in IT-Rossano (bidding zone) in MW,ENTSO-E Transparency,IT_ROSN,,IT,IT,IT,Italy,country,True,True,Italy,True,True,False,True,False,True,False,False,False
194,IT_SACO_AC_price_day_ahead,Day-ahead spot price for Italy_Saco_AC (bidding zone) in EUR,ENTSO-E Transparency,IT_SACO_AC,,IT,IT,IT,Italy,country,True,True,Italy,True,True,False,True,False,True,False,False,True
195,IT_SACO_DC_price_day_ahead,Day-ahead spot price for Italy_Sacodc (bidding zone) in EUR,ENTSO-E Transparency,IT_SACO_DC,,IT,IT,IT,Italy,country,True,True,Italy,True,True,False,True,False,True,False,False,True
196,IT_SARD_load_actual_entsoe_transparency,Total load in IT-Sardinia (bidding zone) in MW as published on ENTSO-E Transparency Platform,ENTSO-E Transparency,IT_SARD,,IT,IT,IT,Italy,country,True,True,Italy,True,True,False,True,False,True,False,False,False
197,IT_SARD_load_forecast_entsoe_transparency,Day-ahead load forecast in IT-Sardinia (bidding zone) in MW as published on ENTSO-E Transparency Platform,ENTSO-E Transparency,IT_SARD,,IT,IT,IT,Italy,country,True,True,Italy,True,True,False,True,False,True,False,False,False
198,IT_SARD_price_day_ahead,Day-ahead spot price for IT-Sardinia (bidding zone) in EUR,ENTSO-E Transparency,IT_SARD,,IT,IT,IT,Italy,country,True,True,Italy,True,True,False,True,False,True,False,False,True
199,IT_SARD_solar_generation_actual,Actual solar generation in IT-Sardinia (bidding zone) in MW,ENTSO-E Transparency,IT_SARD,,IT,IT,IT,Italy,country,True,True,Italy,True,True,False,True,False,True,False,False,False
200,IT_SARD_wind_onshore_generation_actual,Actual wind_onshore generation in IT-Sardinia (bidding zone) in MW,ENTSO-E Transparency,IT_SARD,,IT,IT,IT,Italy,country,True,True,Italy,True,True,False,True,False,True,False,False,False
201,IT_SICI_load_actual_entsoe_transparency,Total load in IT-Sicily (bidding zone) in MW as published on ENTSO-E Transparency Platform,ENTSO-E Transparency,IT_SICI,,IT,IT,IT,Italy,country,True,True,Italy,True,True,False,True,False,True,False,False,False
202,IT_SICI_load_forecast_entsoe_transparency,Day-ahead load forecast in IT-Sicily (bidding zone) in MW as published on ENTSO-E Transparency Platform,ENTSO-E Transparency,IT_SICI,,IT,IT,IT,Italy,country,True,True,Italy,True,True,False,True,False,True,False,False,False
203,IT_SICI_price_day_ahead,Day-ahead spot price for IT-Sicily (bidding zone) in EUR,ENTSO-E Transparency,IT_SICI,,IT,IT,IT,Italy,country,True,True,Italy,True,True,False,True,False,True,False,False,True
204,IT_SICI_solar_generation_actual,Actual solar generation in IT-Sicily (bidding zone) in MW,ENTSO-E Transparency,IT_SICI,,IT,IT,IT,Italy,country,True,True,Italy,True,True,False,True,False,True,False,False,False
205,IT_SICI_wind_onshore_generation_actual,Actual wind_onshore generation in IT-Sicily (bidding zone) in MW,ENTSO-E Transparency,IT_SICI,,IT,IT,IT,Italy,country,True,True,Italy,True,True,False,True,False,True,False,False,False
206,IT_SUD_load_actual_entsoe_transparency,Total load in IT-South (bidding zone) in MW as published on ENTSO-E Transparency Platform,ENTSO-E Transparency,IT_SUD,,IT,IT,IT,Italy,country,True,True,Italy,True,True,False,True,False,True,False,False,False
207,IT_SUD_load_forecast_entsoe_transparency,Day-ahead load forecast in IT-South (bidding zone) in MW as published on ENTSO-E Transparency Platform,ENTSO-E Transparency,IT_SUD,,IT,IT,IT,Italy,country,True,True,Italy,True,True,False,True,False,True,False,False,False
208,IT_SUD_price_day_ahead,Day-ahead spot price for IT-South (bidding zone) in EUR,ENTSO-E Transparency,IT_SUD,,IT,IT,IT,Italy,country,True,True,Italy,True,True,False,True,False,True,False,False,True
209,IT_SUD_solar_generation_actual,Actual solar generation in IT-South (bidding zone) in MW,ENTSO-E Transparency,IT_SUD,,IT,IT,IT,Italy,country,True,True,Italy,True,True,False,True,False,True,False,False,False
210,IT_SUD_wind_onshore_generation_actual,Actual wind_onshore generation in IT-South (bidding zone) in MW,ENTSO-E Transparency,IT_SUD,,IT,IT,IT,Italy,country,True,True,Italy,True,True,False,True,False,True,False,False,False
211,LT_load_actual_entsoe_transparency,Total load in Lithuania in MW as published on ENTSO-E Transparency Platform,ENTSO-E Transparency,,,LT,LT,LT,Lithuania,country,True,True,Litgrid,True,True,False,False,False,True,False,False,False
212,LT_load_forecast_entsoe_transparency,Day-ahead load forecast in Lithuania in MW as published on ENTSO-E Transparency Platform,ENTSO-E Transparency,,,LT,LT,LT,Lithuania,country,True,True,Litgrid,True,True,False,False,False,True,False,False,False
213,LT_solar_generation_actual,Actual solar generation in Lithuania in MW,ENTSO-E Transparency,,,LT,LT,LT,Lithuania,country,True,True,Litgrid,True,True,False,False,False,True,False,False,False
214,LT_wind_onshore_generation_actual,Actual wind_onshore generation in Lithuania in MW,ENTSO-E Transparency,,,LT,LT,LT,Lithuania,country,True,True,Litgrid,True,True,False,False,False,True,False,False,False
215,LU_load_actual_entsoe_transparency,Total load in Luxembourg in MW as published on ENTSO-E Transparency Platform,own calculation based on ENTSO-E Transparency,,,LU,LU,LU,Luxembourg,country,True,True,Luxembourg_default,True,False,False,False,False,True,False,False,False
216,LU_load_forecast_entsoe_transparency,Day-ahead load forecast in Luxembourg in MW as published on ENTSO-E Transparency Platform,own calculation based on ENTSO-E Transparency,,,LU,LU,LU,Luxembourg,country,True,True,Luxembourg_default,True,False,False,False,False,True,False,False,False
217,LV_load_actual_entsoe_transparency,Total load in Latvia in MW as published on ENTSO-E Transparency Platform,ENTSO-E Transparency,,,LV,LV,LV,Latvia,country,True,True,AST,True,True,False,False,False,True,False,False,False
218,LV_load_forecast_entsoe_transparency,Day-ahead load forecast in Latvia in MW as published on ENTSO-E Transparency Platform,ENTSO-E Transparency,,,LV,LV,LV,Latvia,country,True,True,AST,True,True,False,False,False,True,False,False,False
219,LV_wind_onshore_generation_actual,Actual wind_onshore generation in Latvia in MW,ENTSO-E Transparency,,,LV,LV,LV,Latvia,country,True,True,AST,True,True,False,False,False,True,False,False,False
220,ME_load_actual_entsoe_transparency,Total load in Montenegro in MW as published on ENTSO-E Transparency Platform,ENTSO-E Transparency,,,ME,ME,ME,Montenegro,country,False,False,CGES,True,True,False,False,False,True,False,False,False
221,ME_load_forecast_entsoe_transparency,Day-ahead load forecast in Montenegro in MW as published on ENTSO-E Transparency Platform,ENTSO-E Transparency,,,ME,ME,ME,Montenegro,country,False,False,CGES,True,True,False,False,False,True,False,False,False
222,ME_wind_onshore_generation_actual,Actual wind_onshore generation in Montenegro in MW,ENTSO-E Transparency,,,ME,ME,ME,Montenegro,country,False,False,CGES,True,True,False,False,False,True,False,False,False
223,NL_load_actual_entsoe_transparency,Total load in Netherlands in MW as published on ENTSO-E Transparency Platform,own calculation based on ENTSO-E Transparency,,,NL,NL,NL,Netherlands,country,True,True,TenneT NL,True,True,False,False,False,True,False,False,False
224,NL_load_forecast_entsoe_transparency,Day-ahead load forecast in Netherlands in MW as published on ENTSO-E Transparency Platform,own calculation based on ENTSO-E Transparency,,,NL,NL,NL,Netherlands,country,True,True,TenneT NL,True,True,False,False,False,True,False,False,False
225,NL_solar_generation_actual,Actual solar generation in Netherlands in MW,own calculation based on ENTSO-E Transparency,,,NL,NL,NL,Netherlands,country,True,True,TenneT NL,True,True,False,False,False,True,False,False,False
226,NL_wind_generation_actual,Actual wind generation in Netherlands in MW,own calculation based on ENTSO-E Transparency,,,NL,NL,NL,Netherlands,country,True,True,TenneT NL,True,True,False,False,False,True,False,False,False
227,NL_wind_offshore_generation_actual,Actual wind_offshore generation in Netherlands in MW,own calculation based on ENTSO-E Transparency,,,NL,NL,NL,Netherlands,country,True,True,TenneT NL,True,True,False,False,False,True,False,False,False
228,NL_wind_onshore_generation_actual,Actual wind_onshore generation in Netherlands in MW,own calculation based on ENTSO-E Transparency,,,NL,NL,NL,Netherlands,country,True,True,TenneT NL,True,True,False,False,False,True,False,False,False
229,NO_load_actual_entsoe_transparency,Total load in Norway in MW as published on ENTSO-E Transparency Platform,ENTSO-E Transparency,,,NO,NO,NO,Norway,country,False,False,Norway,True,True,False,False,False,True,False,False,False
230,NO_load_forecast_entsoe_transparency,Day-ahead load forecast in Norway in MW as published on ENTSO-E Transparency Platform,ENTSO-E Transparency,,,NO,NO,NO,Norway,country,False,False,Norway,True,True,False,False,False,True,False,False,False
231,NO_wind_onshore_generation_actual,Actual wind_onshore generation in Norway in MW,ENTSO-E Transparency,,,NO,NO,NO,Norway,country,False,False,Norway,True,True,False,False,False,True,False,False,False
232,NO_1_load_actual_entsoe_transparency,Total load in NO1 (bidding zone) in MW as published on ENTSO-E Transparency Platform,ENTSO-E Transparency,NO_1,,NO,NO,NO,Norway,country,False,False,Norway,True,True,False,False,False,True,False,False,False
233,NO_1_load_forecast_entsoe_transparency,Day-ahead load forecast in NO1 (bidding zone) in MW as published on ENTSO-E Transparency Platform,ENTSO-E Transparency,NO_1,,NO,NO,NO,Norway,country,False,False,Norway,True,True,False,False,False,True,False,False,False
234,NO_1_price_day_ahead,Day-ahead spot price for NO1 (bidding zone) in EUR,ENTSO-E Transparency,NO_1,,NO,NO,NO,Norway,country,False,False,Norway,True,True,False,False,False,True,False,False,True
235,NO_1_wind_onshore_generation_actual,Actual wind_onshore generation in NO1 (bidding zone) in MW,ENTSO-E Transparency,NO_1,,NO,NO,NO,Norway,country,False,False,Norway,True,True,False,False,False,True,False,False,False
236,NO_2_load_actual_entsoe_transparency,Total load in NO2 (bidding zone) in MW as published on ENTSO-E Transparency Platform,ENTSO-E Transparency,NO_2,,NO,NO,NO,Norway,country,False,False,Norway,True,True,False,False,False,True,False,False,False
237,NO_2_load_forecast_entsoe_transparency,Day-ahead load forecast in NO2 (bidding zone) in MW as published on ENTSO-E Transparency Platform,ENTSO-E Transparency,NO_2,,NO,NO,NO,Norway,country,False,False,Norway,True,True,False,False,False,True,False,False,False
238,NO_2_price_day_ahead,Day-ahead spot price for NO2 (bidding zone) in EUR,ENTSO-E Transparency,NO_2,,NO,NO,NO,Norway,country,False,False,Norway,True,True,False,False,False,True,False,False,True
239,NO_2_wind_onshore_generation_actual,Actual wind_onshore generation in NO2 (bidding zone) in MW,ENTSO-E Transparency,NO_2,,NO,NO,NO,Norway,country,False,False,Norway,True,True,False,False,False,True,False,False,False
240,NO_3_load_actual_entsoe_transparency,Total load in NO3 (bidding zone) in MW as published on ENTSO-E Transparency Platform,ENTSO-E Transparency,NO_3,,NO,NO,NO,Norway,country,False,False,Norway,True,True,False,False,False,True,False,False,False
241,NO_3_load_forecast_entsoe_transparency,Day-ahead load forecast in NO3 (bidding zone) in MW as published on ENTSO-E Transparency Platform,ENTSO-E Transparency,NO_3,,NO,NO,NO,Norway,country,False,False,Norway,True,True,False,False,False,True,False,False,False
242,NO_3_price_day_ahead,Day-ahead spot price for NO3 (bidding zone) in EUR,ENTSO-E Transparency,NO_3,,NO,NO,NO,Norway,country,False,False,Norway,True,True,False,False,False,True,False,False,True
243,NO_3_wind_onshore_generation_actual,Actual wind_onshore generation in NO3 (bidding zone) in MW,ENTSO-E Transparency,NO_3,,NO,NO,NO,Norway,country,False,False,Norway,True,True,False,False,False,True,False,False,False
244,NO_4_load_actual_entsoe_transparency,Total load in NO4 (bidding zone) in MW as published on ENTSO-E Transparency Platform,ENTSO-E Transparency,NO_4,,NO,NO,NO,Norway,country,False,False,Norway,True,True,False,False,False,True,False,False,False
245,NO_4_load_forecast_entsoe_transparency,Day-ahead load forecast in NO4 (bidding zone) in MW as published on ENTSO-E Transparency Platform,ENTSO-E Transparency,NO_4,,NO,NO,NO,Norway,country,False,False,Norway,True,True,False,False,False,True,False,False,False
246,NO_4_price_day_ahead,Day-ahead spot price for NO4 (bidding zone) in EUR,ENTSO-E Transparency,NO_4,,NO,NO,NO,Norway,country,False,False,Norway,True,True,False,False,False,True,False,False,True
247,NO_4_wind_onshore_generation_actual,Actual wind_onshore generation in NO4 (bidding zone) in MW,ENTSO-E Transparency,NO_4,,NO,NO,NO,Norway,country,False,False,Norway,True,True,False,False,False,True,False,False,False
248,NO_5_load_actual_entsoe_transparency,Total load in NO5 (bidding zone) in MW as published on ENTSO-E Transparency Platform,ENTSO-E Transparency,NO_5,,NO,NO,NO,Norway,country,False,False,Norway,True,True,False,False,False,True,False,False,False
249,NO_5_load_forecast_entsoe_transparency,Day-ahead load forecast in NO5 (bidding zone) in MW as published on ENTSO-E Transparency Platform,ENTSO-E Transparency,NO_5,,NO,NO,NO,Norway,country,False,False,Norway,True,True,False,False,False,True,False,False,False
250,NO_5_price_day_ahead,Day-ahead spot price for NO5 (bidding zone) in EUR,ENTSO-E Transparency,NO_5,,NO,NO,NO,Norway,country,False,False,Norway,True,True,False,False,False,True,False,False,True
251,NO_5_wind_onshore_generation_actual,Actual wind_onshore generation in NO5 (bidding zone) in MW,ENTSO-E Transparency,NO_5,,NO,NO,NO,Norway,country,False,False,Norway,True,True,False,False,False,True,False,False,False
252,PL_load_actual_entsoe_transparency,Total load in Poland in MW as published on ENTSO-E Transparency Platform,ENTSO-E Transparency,,,PL,PL,PL,Poland,country,True,True,PSE SA,True,True,False,True,False,True,False,False,False
253,PL_load_forecast_entsoe_transparency,Day-ahead load forecast in Poland in MW as published on ENTSO-E Transparency Platform,ENTSO-E Transparency,,,PL,PL,PL,Poland,country,True,True,PSE SA,True,True,False,True,False,True,False,False,False
254,PL_solar_generation_actual,Actual solar generation in Poland in MW,ENTSO-E Transparency,,,PL,PL,PL,Poland,country,True,True,PSE SA,True,True,False,True,False,True,False,False,False
255,PL_wind_onshore_generation_actual,Actual wind_onshore generation in Poland in MW,ENTSO-E Transparency,,,PL,PL,PL,Poland,country,True,True,PSE SA,True,True,False,True,False,True,False,False,False
256,PT_load_actual_entsoe_transparency,Total load in Portugal in MW as published on ENTSO-E Transparency Platform,ENTSO-E Transparency,,,PT,PT,PT,Portugal,country,True,True,REN,True,True,False,False,False,True,False,False,False
257,PT_load_forecast_entsoe_transparency,Day-ahead load forecast in Portugal in MW as published on ENTSO-E Transparency Platform,ENTSO-E Transparency,,,PT,PT,PT,Portugal,country,True,True,REN,True,True,False,False,False,True,False,False,False
258,PT_solar_generation_actual,Actual solar generation in Portugal in MW,ENTSO-E Transparency,,,PT,PT,PT,Portugal,country,True,True,REN,True,True,False,False,False,True,False,False,False
259,PT_wind_generation_actual,Actual wind generation in Portugal in MW,own calculation based on ENTSO-E Transparency,,,PT,PT,PT,Portugal,country,True,True,REN,True,True,False,False,False,True,False,False,False
260,PT_wind_offshore_generation_actual,Actual wind_offshore generation in Portugal in MW,ENTSO-E Transparency,,,PT,PT,PT,Portugal,country,True,True,REN,True,True,False,False,False,True,False,False,False
261,PT_wind_onshore_generation_actual,Actual wind_onshore generation in Portugal in MW,ENTSO-E Transparency,,,PT,PT,PT,Portugal,country,True,True,REN,True,True,False,False,False,True,False,False,False
262,RO_load_actual_entsoe_transparency,Total load in Romania in MW as published on ENTSO-E Transparency Platform,ENTSO-E Transparency,,,RO,RO,RO,Romania,country,True,True,Transelectrica,True,True,False,False,False,True,False,False,False
263,RO_load_forecast_entsoe_transparency,Day-ahead load forecast in Romania in MW as published on ENTSO-E Transparency Platform,ENTSO-E Transparency,,,RO,RO,RO,Romania,country,True,True,Transelectrica,True,True,False,False,False,True,False,False,False
264,RO_solar_generation_actual,Actual solar generation in Romania in MW,ENTSO-E Transparency,,,RO,RO,RO,Romania,country,True,True,Transelectrica,True,True,False,False,False,True,False,False,False
265,RO_wind_onshore_generation_actual,Actual wind_onshore generation in Romania in MW,ENTSO-E Transparency,,,RO,RO,RO,Romania,country,True,True,Transelectrica,True,True,False,False,False,True,False,False,False
266,RS_load_actual_entsoe_transparency,Total load in Serbia in MW as published on ENTSO-E Transparency Platform,ENTSO-E Transparency,,,RS,RS,RS,Serbia,country,False,False,EMS,True,False,False,False,False,True,False,False,False
267,RS_load_forecast_entsoe_transparency,Day-ahead load forecast in Serbia in MW as published on ENTSO-E Transparency Platform,ENTSO-E Transparency,,,RS,RS,RS,Serbia,country,False,False,EMS,True,False,False,False,False,True,False,False,False
268,SE_load_actual_entsoe_transparency,Total load in Sweden in MW as published on ENTSO-E Transparency Platform,ENTSO-E Transparency,,,SE,SE,SE,Sweden,country,True,True,Sweden,True,True,False,True,False,True,True,False,False
269,SE_load_forecast_entsoe_transparency,Day-ahead load forecast in Sweden in MW as published on ENTSO-E Transparency Platform,ENTSO-E Transparency,,,SE,SE,SE,Sweden,country,True,True,Sweden,True,True,False,True,False,True,True,False,False
270,SE_wind_capacity,Electrical capacity of wind in Sweden in MW,own calculation based on Vindbrukskollen,,,SE,SE,SE,Sweden,country,True,True,Sweden,True,True,False,True,False,True,True,False,False
271,SE_wind_offshore_capacity,Electrical capacity of wind_offshore in Sweden in MW,own calculation based on Vindbrukskollen,,,SE,SE,SE,Sweden,country,True,True,Sweden,True,True,False,True,False,True,True,False,False
272,SE_wind_onshore_capacity,Electrical capacity of wind_onshore in Sweden in MW,own calculation based on Vindbrukskollen,,,SE,SE,SE,Sweden,country,True,True,Sweden,True,True,False,True,False,True,True,False,False
273,SE_wind_onshore_generation_actual,Actual wind_onshore generation in Sweden in MW,ENTSO-E Transparency,,,SE,SE,SE,Sweden,country,True,True,Sweden,True,True,False,True,False,True,True,False,False
274,SE_1_load_actual_entsoe_transparency,Total load in SE1 (bidding zone) in MW as published on ENTSO-E Transparency Platform,ENTSO-E Transparency,SE_1,,SE,SE,SE,Sweden,country,True,True,Sweden,True,True,False,True,False,True,True,False,False
275,SE_1_load_forecast_entsoe_transparency,Day-ahead load forecast in SE1 (bidding zone) in MW as published on ENTSO-E Transparency Platform,ENTSO-E Transparency,SE_1,,SE,SE,SE,Sweden,country,True,True,Sweden,True,True,False,True,False,True,True,False,False
276,SE_1_price_day_ahead,Day-ahead spot price for SE1 (bidding zone) in EUR,ENTSO-E Transparency,SE_1,,SE,SE,SE,Sweden,country,True,True,Sweden,True,True,False,True,False,True,True,False,True
277,SE_1_wind_onshore_generation_actual,Actual wind_onshore generation in SE1 (bidding zone) in MW,ENTSO-E Transparency,SE_1,,SE,SE,SE,Sweden,country,True,True,Sweden,True,True,False,True,False,True,True,False,False
278,SE_2_load_actual_entsoe_transparency,Total load in SE2 (bidding zone) in MW as published on ENTSO-E Transparency Platform,ENTSO-E Transparency,SE_2,,SE,SE,SE,Sweden,country,True,True,Sweden,True,True,False,True,False,True,True,False,False
279,SE_2_load_forecast_entsoe_transparency,Day-ahead load forecast in SE2 (bidding zone) in MW as published on ENTSO-E Transparency Platform,ENTSO-E Transparency,SE_2,,SE,SE,SE,Sweden,country,True,True,Sweden,True,True,False,True,False,True,True,False,False
280,SE_2_price_day_ahead,Day-ahead spot price for SE2 (bidding zone) in EUR,ENTSO-E Transparency,SE_2,,SE,SE,SE,Sweden,country,True,True,Sweden,True,True,False,True,False,True,True,False,True
281,SE_2_wind_onshore_generation_actual,Actual wind_onshore generation in SE2 (bidding zone) in MW,ENTSO-E Transparency,SE_2,,SE,SE,SE,Sweden,country,True,True,Sweden,True,True,False,True,False,True,True,False,False
282,SE_3_load_actual_entsoe_transparency,Total load in SE3 (bidding zone) in MW as published on ENTSO-E Transparency Platform,ENTSO-E Transparency,SE_3,,SE,SE,SE,Sweden,country,True,True,Sweden,True,True,False,True,False,True,True,False,False
283,SE_3_load_forecast_entsoe_transparency,Day-ahead load forecast in SE3 (bidding zone) in MW as published on ENTSO-E Transparency Platform,ENTSO-E Transparency,SE_3,,SE,SE,SE,Sweden,country,True,True,Sweden,True,True,False,True,False,True,True,False,False
284,SE_3_price_day_ahead,Day-ahead spot price for SE3 (bidding zone) in EUR,ENTSO-E Transparency,SE_3,,SE,SE,SE,Sweden,country,True,True,Sweden,True,True,False,True,False,True,True,False,True
285,SE_3_wind_onshore_generation_actual,Actual wind_onshore generation in SE3 (bidding zone) in MW,ENTSO-E Transparency,SE_3,,SE,SE,SE,Sweden,country,True,True,Sweden,True,True,False,True,False,True,True,False,False
286,SE_4_load_actual_entsoe_transparency,Total load in SE4 (bidding zone) in MW as published on ENTSO-E Transparency Platform,ENTSO-E Transparency,SE_4,,SE,SE,SE,Sweden,country,True,True,Sweden,True,True,False,True,False,True,True,False,False
287,SE_4_load_forecast_entsoe_transparency,Day-ahead load forecast in SE4 (bidding zone) in MW as published on ENTSO-E Transparency Platform,ENTSO-E Transparency,SE_4,,SE,SE,SE,Sweden,country,True,True,Sweden,True,True,False,True,False,True,True,False,False
288,SE_4_price_day_ahead,Day-ahead spot price for SE4 (bidding zone) in EUR,ENTSO-E Transparency,SE_4,,SE,SE,SE,Sweden,country,True,True,Sweden,True,True,False,True,False,True,True,False,True
289,SE_4_wind_onshore_generation_actual,Actual wind_onshore generation in SE4 (bidding zone) in MW,ENTSO-E Transparency,SE_4,,SE,SE,SE,Sweden,country,True,True,Sweden,True,True,False,True,False,True,True,False,False
290,SI_load_actual_entsoe_transparency,Total load in Slovenia in MW as published on ENTSO-E Transparency Platform,ENTSO-E Transparency,,,SI,SI,SI,Slovenia,country,True,True,ELES,True,True,False,False,False,True,False,False,False
291,SI_load_forecast_entsoe_transparency,Day-ahead load forecast in Slovenia in MW as published on ENTSO-E Transparency Platform,ENTSO-E Transparency,,,SI,SI,SI,Slovenia,country,True,True,ELES,True,True,False,False,False,True,False,False,False
292,SI_solar_generation_actual,Actual solar generation in Slovenia in MW,ENTSO-E Transparency,,,SI,SI,SI,Slovenia,country,True,True,ELES,True,True,False,False,False,True,False,False,False
293,SI_wind_onshore_generation_actual,Actual wind_onshore generation in Slovenia in MW,ENTSO-E Transparency,,,SI,SI,SI,Slovenia,country,True,True,ELES,True,True,False,False,False,True,False,False,False
294,SK_load_actual_entsoe_transparency,Total load in Slovakia in MW as published on ENTSO-E Transparency Platform,ENTSO-E Transparency,,,SK,SK,SK,Slovakia,country,True,True,SEPS,True,True,False,False,False,True,False,False,False
295,SK_load_forecast_entsoe_transparency,Day-ahead load forecast in Slovakia in MW as published on ENTSO-E Transparency Platform,ENTSO-E Transparency,,,SK,SK,SK,Slovakia,country,True,True,SEPS,True,True,False,False,False,True,False,False,False
296,SK_solar_generation_actual,Actual solar generation in Slovakia in MW,ENTSO-E Transparency,,,SK,SK,SK,Slovakia,country,True,True,SEPS,True,True,False,False,False,True,False,False,False
297,SK_wind_onshore_generation_actual,Actual wind_onshore generation in Slovakia in MW,ENTSO-E Transparency,,,SK,SK,SK,Slovakia,country,True,True,SEPS,True,True,False,False,False,True,False,False,False
298,UA_load_actual_entsoe_transparency,Total load in Ukraine in MW as published on ENTSO-E Transparency Platform,ENTSO-E Transparency,,,UA,UA,UA,Ukraine,country,False,False,Ukraine,True,False,False,False,False,False,False,False,False
299,UA_load_forecast_entsoe_transparency,Day-ahead load forecast in Ukraine in MW as published on ENTSO-E Transparency Platform,ENTSO-E Transparency,,,UA,UA,UA,Ukraine,country,False,False,Ukraine,True,False,False,False,False,False,False,False,False
